<?xml version="1.0" encoding="UTF-8" standalone="yes"?>
<addon id="plugin.video.viettivistart" name="viettivistart" version="0.5" provider-name="repository.cxkodi.com">
  <requires>
    <import addon="xbmc.python" version="2.1.0"/>
  </requires>
  <extension point="xbmc.service"
			library="default.py" start="startup">
  </extension>
  <extension point="xbmc.addon.metadata">
    <platform>all</platform>
    <language></language>
    <summary>Summary for "viettivistart"</summary>
    <description>Description for "viettivistart"</description>
  </extension>
</addon>
