<?xml version="1.0" encoding="UTF-8" standalone="yes"?>
<addon id="plugin.video.viettivi" name="viettivi" version="0.1" provider-name="repository.cxkodi.com">
  <requires>
    <import addon="xbmc.python" version="2.1.0"/>
    <import addon="script.module.xbmcswift2" version="2.4.0"/>
  </requires>
  <extension point="xbmc.python.pluginsource" library="addon.py">
    <provides>video</provides>
  </extension>
  <extension point="xbmc.addon.metadata">
    <platform>all</platform>
    <language></language>
    <summary>Summary for "viettivi"</summary>
    <description>Description for "viettivi"</description>
  </extension>
</addon>
